Date,AS51 Index,SX5E Index,MXEF Index,NKY Index,UKX Index,TX60AR Index,SPX Index,FNRET Index,I05500CA Index,I05510CA Index,LEATTREU Index,LECPTREU Index,LSG1TRGU Index,LC61TRGU Index,I38292JP Index,SPBJPCPT Index,I12877US Index,BEMUTRUU Index,BATY0 Index,BACR0 Index,LUATTRUU Index,LUACTRUU Index,LF98TRUU Index,LUMSTRUU Index
1/30/04,3271.997,2839.13,457.19,10783.61,4390.7,889.89,1131.13,#N/A N/A,108.8665,112.2252,137.657,138.7813,123.8149,133.91,#N/A N/A,87.052,122.5498,#N/A N/A,4462.054,4081.851,1338.69,1447.76,705.47,1190.05
2/27/04,3360.598,2893.18,477.73,11041.92,4492.2,916.98,1144.94,#N/A N/A,110.3387,113.8025,139.5145,140.6521,125.1186,134.95,#N/A N/A,87.321,123.1676,#N/A N/A,4526.031,4121.945,1355.28,1465.79,703.7,1200.08
3/31/04,3415.258,2787.49,482.06,11715.39,4385.7,891.01,1126.21,#N/A N/A,110.9268,114.2131,140.8544,142.0269,125.8933,135.43,#N/A N/A,86.95,125.9259,#N/A N/A,4566.396,4163.212,1368,1479.63,708.48,1205.34
4/30/04,3400.793,2787.48,441.3,11761.79,4489.7,854.99,1107.31,#N/A N/A,109.5991,113.092,139.3747,140.9,124.3672,134.07,#N/A N/A,86.841,121.4708,#N/A N/A,4513.852,4138.786,1324,1433.11,703.66,1183.88
5/31/04,3460.21,2749.62,431.26,11236.37,4430.7,870.95,1120.68,#N/A N/A,109.0068,112.2397,138.9905,140.5575,123.5453,132.66,#N/A N/A,86.993,120.9967,#N/A N/A,4557.376,4174.72,1319.45,1422.74,691.74,1181.29
6/30/04,3532.885,2811.08,432.2,11858.87,4464.1,890.26,1140.84,#N/A N/A,108.8258,112.097,139.4094,140.9352,124.6398,133.76,#N/A N/A,86.558,102.0604,#N/A N/A,4571.432,4192.405,1324.75,1429.02,701.66,1191.74
7/30/04,3536.142,2720.05,423.14,11325.78,4413.1,884.88,1101.72,#N/A N/A,109.813,113.1055,140.7053,142.2242,125.2329,134.45,#N/A N/A,86.463,103.7603,#N/A N/A,4592.178,4210.211,1337.36,1446.8,711.2,1202.42
8/31/04,3552.686,2670.79,439.75,11081.79,4459.3,879.01,1104.24,#N/A N/A,111.5375,114.9349,142.5835,144.2459,127.2689,136.97,#N/A N/A,87.244,106.9499,#N/A N/A,4662.678,4260.189,1365.02,1481.2,725.15,1220.96
9/30/04,3665.044,2726.3,464.15,10823.57,4570.8,912.42,1114.58,#N/A N/A,111.8587,115.3154,143.1846,144.9277,128.3693,138.72,#N/A N/A,87.614,108.5184,#N/A N/A,4697.021,4289.132,1368.53,1490.32,735.68,1222.82
10/29/04,3778.638,2811.72,474.27,10771.42,4624.2,940.34,1130.2,#N/A N/A,113.1806,116.6188,144.5377,146.123,129.6761,140.38,#N/A N/A,87.66,110.4191,#N/A N/A,4733.67,4317.56,1379.38,1504.87,748.97,1232.67
11/30/04,3931.318,2876.39,517.95,10899.25,4703.2,950.97,1173.82,#N/A N/A,113.8271,117.7764,146.167,147.5873,131.3712,142.83,#N/A N/A,87.839,111.8228,#N/A N/A,4789.236,4363.826,1360.85,1489.56,758,1229.6
12/31/04,4050.604,2951.01,542.17,11488.76,4814.3,973.9,1211.92,#N/A N/A,115.1886,119.3835,147.1691,148.4119,132.2697,143.98,#N/A N/A,87.997,113.4032,#N/A N/A,4784.749,4364.792,1374.34,1509.94,769.3,1238.26
1/31/05,4107.252,2984.59,542.28,11387.59,4852.3,964.75,1181.27,#N/A N/A,116.3536,120.5047,149.0772,150,132.0246,144.72,#N/A N/A,88.328,114.2529,#N/A N/A,4785.627,4372.028,1384.37,1521.97,768.3,1244.85
2/28/05,4172.752,3058.32,588.68,11740.6,4968.5,1014.21,1203.6,#N/A N/A,116.2145,120.6493,148.1919,149.7415,131.6473,145.11,#N/A N/A,88.041,115.8601,#N/A N/A,4768.664,4368.095,1373.07,1512.9,779.6,1239.08
3/31/05,4109.826,3055.73,548.69,11668.95,4894.4,1019.87,1180.59,#N/A N/A,116.536,120.642,149.0602,149.9628,132.1427,144.1,#N/A N/A,88.494,114.752,#N/A N/A,4772.718,4379.496,1368.6,1492.85,756.93,1236.78
4/29/05,3983.169,2930.1,531.99,11008.9,4801.7,998.32,1156.85,#N/A N/A,118.061,121.9602,151.228,151.484,134.1099,145.29,#N/A N/A,88.767,115.6253,#N/A N/A,4855.242,4437.223,1392.66,1512.21,749.55,1250.47
5/31/05,4106.437,3076.7,548.15,11276.59,4964,1028.33,1191.5,#N/A N/A,120.087,123.9913,152.907,152.8045,136.4431,147.96,#N/A N/A,88.799,116.9657,#N/A N/A,4910.565,4475.964,1409.67,1533,762.86,1260.32
6/30/05,4277.494,3181.54,565.17,11584.01,5113.2,1066,1191.33,#N/A N/A,121.7966,125.93,154.604,154.3885,138.4089,150.75,#N/A N/A,89.099,118.6177,#N/A N/A,4939.446,4500.737,1418.31,1545.57,777.83,1264.89
7/29/05,4388.829,3326.51,602.56,11899.6,5282.3,1124.23,1234.18,#N/A N/A,121.287,125.7818,153.8787,154.0947,137.5541,150.47,#N/A N/A,88.784,119.2853,#N/A N/A,4958.554,4525.118,1399.08,1530.31,791.43,1258.55
8/31/05,4446.782,3263.78,606.23,12413.6,5296.9,1155.49,1220.33,#N/A N/A,122.82,127.3793,155.4394,155.42,139.4571,152.76,#N/A N/A,88.731,121.2705,#N/A N/A,4999.602,4559.965,1421.3,1553.74,792.94,1269.7
9/30/05,4641.163,3428.51,661.32,13574.3,5477.7,1195.82,1228.81,#N/A N/A,121.9249,126.3934,155.3189,155.2918,138.9394,152.14,#N/A N/A,88.342,122.642,#N/A N/A,4957.35,4546.697,1402.44,1528.65,785.03,1263.02
10/31/05,4459.666,3320.15,617.41,13606.5,5317.3,1130.02,1207.01,#N/A N/A,120.7346,125.1052,153.6548,153.7848,139.1239,151.79,#N/A N/A,88.165,121.4357,#N/A N/A,4959.901,4560.605,1391.47,1511,779.55,1254.22
11/30/05,4634.806,3447.07,667.99,14872.15,5423.2,1181.37,1249.48,#N/A N/A,122.0269,126.0196,153.5562,153.656,140.8768,153.93,#N/A N/A,88.517,123.1277,#N/A N/A,4999.066,4591.84,1398.22,1519.88,783.62,1258.3
12/30/05,4763.367,3578.93,706.48,16111.43,5618.8,1229.95,1248.29,#N/A N/A,123.1592,126.9291,155.059,154.2856,142.7603,156.18,#N/A N/A,88.408,125.2148,#N/A N/A,5049.825,4628.612,1412.71,1535.25,790.35,1270.61
1/31/06,4929.559,3691.41,783.77,16649.82,5760.3,1304.27,1280.09,#N/A N/A,122.0817,126.1897,153.9553,153.6942,143.8086,157.08,#N/A N/A,88.307,125.3341,#N/A N/A,5049.257,4644.408,1408.5,1532.02,802.96,1274.7
2/28/06,4921.347,3774.51,782.11,16205.43,5791.5,1279.73,1280.66,#N/A N/A,122.6355,126.529,154.2012,153.7875,143.9539,157.18,#N/A N/A,87.985,127.3769,#N/A N/A,5078.863,4669.858,1410.55,1538.94,808.32,1280.64
3/31/06,5129.708,3853.74,787.8,17059.66,5964.6,1327.87,1294.83,294.65,122.373,126.3519,152.0324,152.1633,141.7859,155.01,#N/A N/A,87.45,124.9878,#N/A N/A,5078.766,4681.194,1395.33,1517.25,813.16,1269.78
4/28/06,5258.803,3839.9,841.58,16906.23,6023.1,1334.05,1310.61,281.44,121.02,125.4899,150.7939,151.6447,139.8048,153.48,#N/A N/A,87.268,124.5313,#N/A N/A,5040.668,4664.69,1389.58,1511.94,818.17,1269.85
5/31/06,5001.671,3637.17,751,15467.33,5723.8,1281.63,1270.09,269.59,121.4667,125.9619,151.2307,152.1457,140.8428,154.33,#N/A N/A,87.424,123.6404,#N/A N/A,5059.972,4684.308,1390.04,1509.39,818.06,1267.44
6/30/06,5073.883,3648.92,747.54,15505.18,5833.4,1277.35,1270.2,276.94,120.9791,125.3482,150.7738,151.4162,139.9761,153.27,#N/A N/A,87.238,123.4089,#N/A N/A,5069.169,4693.514,1394.47,1511.29,815.19,1269.89
7/31/06,4985.998,3691.87,755.84,15456.81,5928.3,1305.89,1276.66,284.4,123.5623,127.7166,152.4419,152.985,141.8403,154.99,#N/A N/A,87.292,126.5012,#N/A N/A,5073.65,4699.636,1411.74,1533.37,823.17,1288.08
8/31/06,5115.439,3808.7,773.12,16140.76,5906.1,1336.75,1303.82,290.17,125.6116,129.8108,154.2576,154.4625,143.3556,156.42,#N/A N/A,88.333,129.0835,#N/A N/A,5131.622,4744.351,1432.46,1561.94,836.52,1306.8
9/29/06,5154.078,3899.41,778.16,16127.58,5960.8,1321.93,1335.85,299.65,126.9185,131.173,155.1805,155.0169,143.9564,157,#N/A N/A,88.396,129.871,#N/A N/A,5178.307,4779.986,1445.76,1579.83,848.38,1315.94
10/31/06,5384.382,4004.8,814.44,16399.39,6129.2,1382.41,1377.94,319.44,127.2721,131.6981,155.6215,155.5233,145.1857,158.61,#N/A N/A,88.361,131.5198,#N/A N/A,5164.476,4777.363,1453.1,1592.61,859.92,1325.48
11/30/06,5482.058,3987.23,874.08,16274.33,6048.8,1441.81,1400.63,335.16,128.6097,133.1949,156.4373,156.4415,145.3094,158.99,#N/A N/A,88.526,133.3127,#N/A N/A,5203.857,4812.614,1468.28,1615.96,874.37,1340.68
12/29/06,5669.867,4119.94,912.65,17225.83,6220.8,1465.66,1418.3,329.23,127.5843,132.4438,154.6796,155.1169,143.5129,157.36,#N/A N/A,88.548,133.7177,#N/A N/A,5171.142,4811.059,1456.21,1601.26,883.97,1336.99
1/31/07,5773.385,4178.54,901.48,17383.42,6203.1,1477.17,1438.24,363.05,127.2168,132.4984,153.9321,155.0674,141.4068,156.01,#N/A N/A,88.835,133.6355,#N/A N/A,5188.444,4838.377,1453.89,1601.38,893.84,1337.85
2/28/07,5832.53,4087.12,895.54,17604.12,6171.5,1471.73,1406.82,363.25,128.8836,134.2277,155.5105,156.6191,143.9144,158.81,#N/A N/A,88.983,136.1911,#N/A N/A,5261.343,4886.879,1478,1634.36,906.34,1354.35
3/30/07,5995.049,4181.03,929.03,17287.65,6308,1492.22,1420.86,358.7,128.516,133.7998,154.7777,156.2309,142.3011,157.05,#N/A N/A,89.078,135.9317,#N/A N/A,5239.405,4882.496,1477.28,1624.99,907.3,1357.92
4/30/07,6166.017,4392.34,969.93,17400.41,6449.2,1519.57,1482.37,361.56,128.7293,133.1043,154.6086,156.164,141.8246,156.94,#N/A N/A,89.256,137.4251,#N/A N/A,5273.189,4916.845,1484.89,1636.91,919.09,1364.62
5/31/07,6313.496,4512.65,1014.79,17875.75,6621.4,1600.19,1530.62,345.44,126.819,131.2251,152.8887,154.9697,140.3508,155.84,#N/A N/A,88.986,136.8716,#N/A N/A,5271.02,4925.195,1471.56,1620.55,925.96,1356.78
6/29/07,6274.932,4489.77,1059.69,18138.36,6607.9,1594.28,1503.35,303.79,126.5878,130.8737,151.9651,154.3639,138.5092,153.71,#N/A N/A,88.767,135.7487,#N/A N/A,5247.198,4912.509,1470.92,1612.62,909.33,1351.08
7/31/07,6144.166,4315.69,1112.77,17248.89,6360.1,1595.52,1455.28,280.49,127.1959,130.3575,154.1919,154.9556,142.2131,154.62,#N/A N/A,89.085,133.7313,#N/A N/A,5307.824,4931.429,1495.31,1616.35,877.13,1360.23
8/31/07,6247.202,4294.56,1086.98,16569.09,6303.3,1586.26,1473.99,306.06,128.3492,131.282,155.6379,155.4991,144.4194,155.09,#N/A N/A,89.713,134.7132,#N/A N/A,5363.017,4963.644,1518.75,1629.43,889.09,1376.24
9/28/07,6567.75,4381.71,1204.9,16785.69,6466.8,1637.65,1526.75,323.33,129.4418,131.646,155.6187,155.2895,144.4467,155.24,#N/A N/A,89.675,136.2157,#N/A N/A,5340.035,4970.587,1526.94,1641.98,912.36,1386.81
10/31/07,6754.145,4489.79,1337.45,16737.63,6721.6,1703.21,1549.38,319.21,130.2506,132.6561,156.7817,156.562,145.6945,156.96,#N/A N/A,90.098,137.3421,#N/A N/A,5350.978,4965.31,1538.95,1661.7,917.83,1400.82
11/30/07,6533.149,4394.95,1242.06,15680.67,6432.5,1604.8,1481.14,294.58,133.257,133.1124,157.8547,155.8993,148.3328,155.96,#N/A N/A,90.353,135.8924,#N/A N/A,5423.619,4953.889,1586.18,1671.65,897.92,1425.24
12/31/07,6339.836,4399.72,1245.59,15307.78,6456.9,1628.96,1468.36,266.77,133.8652,133.8259,157.2661,155.1512,150.9398,158.02,#N/A N/A,90.392,136.1285,#N/A N/A,5378.621,4963.018,1587.45,1674.29,900.54,1429.28
1/31/08,5650.265,3792.8,1088.72,13592.47,5879.8,1559.08,1378.55,260.31,134.8058,134.5693,161.1048,157.3232,151.6145,156.1,#N/A N/A,90.752,135.6446,#N/A N/A,5459.053,5004.762,1627.75,1691.33,888.52,1455.66
2/29/08,5572.088,3724.5,1167.66,13603.02,5884.3,1607.32,1330.63,247.68,137.0421,136.1236,161.9087,157.2695,151.9796,152.49,#N/A N/A,90.932,136.8992,#N/A N/A,5463.072,4953.061,1646.3,1693.21,876.4,1455.9
3/31/08,5355.686,3628.06,1104.58,12525.54,5702.1,1587.67,1322.7,270.73,139.2705,136.361,160.9102,154.6588,153.142,150.6,#N/A N/A,90.897,136.4167,#N/A N/A,5545.643,5007.742,1657.72,1671.7,873.38,1464.08
4/30/08,5595.406,3825.02,1191.53,13849.99,6087.3,1676.69,1385.59,285.84,138.0369,136.4817,159.9773,155.8527,150.6764,153.1,#N/A N/A,89.966,138.3703,#N/A N/A,5523.357,5034.511,1629.23,1686.99,911.02,1465.48
5/30/08,5654.704,3777.85,1210.04,14338.54,6053.5,1786.42,1400.38,280.45,137.5712,136.4759,157.8951,154.8817,148.3974,152.67,#N/A N/A,89.73,140.0334,#N/A N/A,5492.945,5054.522,1610.21,1670.89,914.31,1457.71
6/30/08,5215.307,3352.81,1087.12,13481.38,5625.9,1759.8,1280,248.13,137.7577,135.9584,156.2059,152.9739,147.3295,151.13,#N/A N/A,90.27,138.6196,#N/A N/A,5535.417,5053.673,1622.86,1660.2,888.75,1456.88
7/31/08,4977.367,3367.82,1041.86,13376.81,5411.9,1657.76,1267.38,242.35,138.8,137.129,159.2874,154.724,151.0289,153.28,#N/A N/A,90.512,137.1846,#N/A N/A,5634.126,5139.285,1629.72,1647.79,876.91,1454.85
8/29/08,5135.574,3365.63,956.25,13072.87,5636.6,1681.48,1282.83,250.96,140.4499,137.3493,161.2337,156.0606,154.3125,155.64,#N/A N/A,90.993,137.5008,#N/A N/A,5771.829,5236.925,1650.08,1659.64,879.98,1473.05
9/30/08,4600.52,3038.2,786.92,11259.86,4902.45,1450.09,1166.36,247.15,139.0759,133.445,162.0357,149.2531,154.2855,143.65,#N/A N/A,90.407,122.2336,#N/A N/A,5905.636,5212.911,1660.18,1530.7,809.78,1484.13
10/31/08,4017.96,2591.76,570.52,8576.98,4377.34,1215.83,968.75,155.75,139.6403,131.5333,163.5501,146.1815,154.802,136.99,#N/A N/A,90.547,89.6714,#N/A N/A,6022.567,5330.465,1658.35,1432.06,680.97,1465.48
11/28/08,3742.517,2430.31,526.97,8512.27,4288.01,1161.15,896.24,110.22,143.8003,133.1684,169.8359,148.4386,161.9313,139.1,#N/A N/A,90.625,96.3931,#N/A N/A,6236.216,5447.497,1746.36,1490.33,617.55,1523.05
12/31/08,3722.31,2447.62,567.04,8859.56,4434.17,1121.27,903.25,129.98,150.043,133.8786,171.8655,149.3191,170.5945,142.24,#N/A N/A,91.051,105.7507,#N/A N/A,6404.528,5494.789,1805.52,1591.62,665,1548.48
1/30/09,3540.712,2236.98,529.53,7994.05,4149.64,1085.93,825.88,104.42,146.7873,134.0984,169.9583,149.605,162.5395,136.2,#N/A N/A,90.826,111.0283,#N/A N/A,6439.133,5587.194,1752.87,1598.84,704.86,1551.41
2/27/09,3344.513,1976.23,499.3,7568.42,3830.09,1018.56,735.09,81.14,148.0761,135.4831,171.3705,148.9468,164.8466,135.2,#N/A N/A,90.872,107.648,#N/A N/A,6359.815,5541.803,1743.65,1567.39,682.99,1560.35
3/31/09,3582.146,2071.13,569.97,8109.53,3926.14,1104.15,797.87,81.17,150.7211,138.2955,173.4137,148.4845,169.2896,130.85,#N/A N/A,90.539,113.6294,#N/A N/A,6361.752,5488.031,1781.64,1560.91,704.77,1582.47
4/30/09,3780.459,2375.34,662.73,8828.26,4243.71,1184.45,872.81,115.64,148.4159,140.2614,174.432,152.8404,167.0395,133.13,#N/A N/A,90.635,120.8764,#N/A N/A,6349.422,5527.803,1749.14,1615.1,790.08,1586.97
5/29/09,3817.966,2451.24,773.12,9522.5,4417.94,1327.7,919.14,115.15,146.1937,142.8849,172.3249,156.408,165.4294,139.2,#N/A N/A,91.092,131.549,#N/A N/A,6206.829,5580.507,1731.49,1678.15,843.24,1591.61
6/30/09,3954.892,2401.69,761.3,9958.44,4249.21,1326.17,919.32,111.12,147.3163,146.0639,174.4622,159.8974,166.979,145.21,#N/A N/A,91.809,135.6102,#N/A N/A,6142.33,5580.642,1727.82,1723.99,867.39,1593.6
7/31/09,4243.979,2638.13,844.02,10356.83,4608.36,1380.94,987.48,118.34,146.6903,149.3581,177.5159,165.4182,165.5645,150.22,#N/A N/A,92.04,142.9849,#N/A N/A,6132.275,5628.331,1735.05,1798.42,920.18,1606.64
8/31/09,4479.134,2775.17,839.46,10492.53,4908.9,1379.52,1020.63,137.91,147.9483,151.2916,178.3887,167.326,171.9693,159.01,#N/A N/A,92.594,148.9767,#N/A N/A,6182.726,5672.257,1750.5,1831.4,937.34,1617.37
9/30/09,4743.639,2872.63,914.05,10133.23,5133.9,1442.36,1057.08,146.01,148.7809,152.4474,179.4677,169.8783,172.2791,161.87,#N/A N/A,92.862,154.7839,#N/A N/A,6219.312,5728.641,1764.12,1863.91,990.72,1630.37
10/30/09,4643.231,2743.5,914.26,10034.74,5044.55,1375.33,1036.2,139.45,148.3611,153.9922,179.6536,171.3359,171.7877,163.04,#N/A N/A,92.879,156.0482,#N/A N/A,6202.813,5751.128,1763.26,1877.01,1008.5,1642.02
11/30/09,4701.35,2797.25,953.13,9345.55,5190.68,1447.61,1095.63,147.01,150.2989,155.7595,180.8387,172.8518,173.3963,165.1,#N/A N/A,93.671,159.8685,#N/A N/A,6316.998,5817.911,1787.81,1903.86,1018.66,1663.08
12/31/09,4870.642,2964.96,989.47,10546.44,5412.88,1479.42,1115.1,158.02,147.5998,154.3059,179.2576,172.7774,168.5657,163.14,#N/A N/A,93.968,159.4991,#N/A N/A,6260.347,5830.298,1741.11,1889,1052.08,1639.67
1/29/10,4569.619,2776.83,933.59,10198.04,5188.52,1386.76,1073.87,147.61,150.1452,158.0143,180.1803,175.5943,169.8388,168.16,#N/A N/A,94.119,162.4404,#N/A N/A,6346.585,5894.855,1768.63,1919.82,1065.39,1661.42
2/26/10,4637.717,2728.47,935.93,10126.03,5354.52,1457.4,1104.49,161.36,150,158.3502,182.3802,176.5986,169.1595,167.14,#N/A N/A,94.301,163.7638,#N/A N/A,6359.663,5932.625,1775.62,1926.64,1067.25,1664.37
3/31/10,4875.516,2931.16,1010.33,11089.94,5679.64,1517.26,1169.43,174.73,148.9431,157.669,183.465,178.4234,170.6602,170.92,#N/A N/A,94.236,167.9215,#N/A N/A,6303.895,5931.282,1760.58,1932.4,1100.71,1664.92
4/30/10,4807.368,2816.86,1020.03,11057.4,5553.29,1540.75,1186.69,185.42,149.2439,157.1798,182.2462,179.4535,171.703,172,#N/A N/A,94.851,170.6153,#N/A N/A,6337.285,5971.073,1779.03,1967.57,1126.51,1674.95
5/31/10,4429.674,2610.26,926.4,9768.7,5188.43,1490.86,1089.41,174.32,152.5656,157.8597,185.0017,178.4776,175.9659,170.99,#N/A N/A,95.063,164.9962,#N/A N/A,6466.469,6029.8,1809.46,1956.73,1086.03,1693.71
6/30/10,4301.505,2573.32,917.99,9382.64,4916.87,1430.89,1030.71,163.55,154.4755,160.523,183.6546,178.895,178.6685,172.46,#N/A N/A,95.479,170.0695,#N/A N/A,6561.219,6086.739,1843.06,1998.43,1099.55,1712.72
7/30/10,4493.48,2742.14,991.41,9537.3,5258.02,1484.35,1101.6,180.15,154.5909,161.9595,185.3001,181.0721,178.2294,175.13,#N/A N/A,95.759,176.04,#N/A N/A,6562.019,6125.935,1855.63,2037.58,1138.65,1727.41
8/31/10,4404.232,2622.95,970.05,8824.06,5225.22,1506.32,1049.33,178.64,157.8759,164.0741,190.1675,184.4972,186.4356,182.91,#N/A N/A,96.206,178.7699,#N/A N/A,6694.358,6206.963,1892.89,2077.99,1139.06,1730.07
9/30/10,4582.909,2747.9,1075.53,9369.35,5548.62,1555.8,1141.2,186.14,158.532,165.9248,187.9344,183.9919,185.378,182.4,#N/A N/A,96.307,181.7543,#N/A N/A,6629.351,6176.843,1893.29,2092.52,1173.38,1723.47
10/29/10,4661.595,2844.99,1105.75,9202.45,5675.16,1587.83,1183.26,196.75,158.3852,166.035,186.9673,183.9027,182.7452,182.51,#N/A N/A,96.362,183.4955,#N/A N/A,6609.2,6214.556,1890.3,2094.99,1203.68,1740.35
11/30/10,4584.427,2650.99,1075.85,9937.04,5528.27,1619.63,1180.55,197.49,156.773,164.3113,182.2121,181.4114,181.5979,177.03,#N/A N/A,95.863,181.9479,#N/A N/A,6589.75,6222.556,1877.09,2077.99,1189.62,1737.22
12/31/10,4745.24,2792.82,1151.38,10228.92,5899.94,1684.21,1257.64,202.94,156.6732,164.9299,181.2959,180.9793,181.2752,177.58,#N/A N/A,96.16,181.9763,#N/A N/A,6583.197,6242.089,1843.32,2058.93,1211.19,1727.67
1/31/11,4753.918,2953.63,1119.08,10237.92,5862.94,1708.95,1286.12,204.38,155.62,165.2176,180.468,180.1875,177.7475,177.38,#N/A N/A,95.999,182.4362,#N/A N/A,6638.637,6308.31,1842.86,2063.03,1237.91,1728.56
2/28/11,4831.659,3013.09,1107.77,10624.09,5994.01,1786.89,1327.22,216.79,155.6845,165.8719,180.3649,181.6371,179.0503,179.4,#N/A N/A,95.906,184.1707,#N/A N/A,6660.655,6342.746,1841.49,2079.38,1254.13,1732.9
3/31/11,4837.884,2910.91,1170.87,9755.1,5908.76,1782.36,1325.83,210.49,155.8486,165.2237,179.2476,181.0371,179.7829,180.52,#N/A N/A,95.553,186.0474,#N/A N/A,6699.118,6390.388,1840.37,2076.6,1258.19,1737.73
4/29/11,4823.241,3011.25,1204.03,9849.74,6069.9,1761.35,1363.61,223.78,157.0209,167.0321,180.3759,182.827,183.2633,184.89,#N/A N/A,95.596,188.0553,#N/A N/A,6731.584,6423.589,1861.6,2112.31,1277.69,1756.8
5/31/11,4708.298,2861.92,1167.97,9693.73,5989.99,1744.33,1345.2,226.1,159.4171,169.296,182.0528,184.4909,185.6261,185.73,#N/A N/A,95.698,189.2487,#N/A N/A,6815.033,6490.299,1890.67,2142.82,1283.92,1775.67
6/30/11,4607.966,2848.53,1146.22,9816.09,5945.71,1694.11,1320.64,220.34,159.4433,169.2805,181.4125,183.6797,184.4552,183.64,#N/A N/A,95.432,188.1596,#N/A N/A,6857.624,6524.228,1884.28,2124.04,1271.42,1777.33
7/29/11,4424.646,2670.37,1137.73,9833.03,5815.19,1629.32,1292.28,224.45,162.6276,172.2446,181.5923,185.8565,190.9284,188.43,#N/A N/A,95.865,191.8431,#N/A N/A,6997.439,6600.957,1918.62,2177.6,1286.16,1793.85
8/31/11,4296.548,2302.08,1033.15,8955.2,5394.53,1620.38,1218.89,212.37,165.5935,172.2315,186.9505,183.4548,193.8912,184.21,#N/A N/A,96.083,187.6466,#N/A N/A,7167.733,6669.863,1971.91,2179.02,1234.68,1816.19
9/30/11,4008.599,2179.66,880.43,8700.29,5128.48,1489.31,1131.42,191.28,168.8779,174.6888,188.3876,181.2333,200.8735,183.08,#N/A N/A,96.037,176.2243,#N/A N/A,7232.515,6699.379,2006.35,2184.58,1194.32,1819.29
10/31/11,4298.117,2385.22,995,8988.39,5544.22,1561.65,1253.3,220.41,167.777,174.3685,184.7221,184.7017,203.421,188.22,#N/A N/A,95.469,187.6726,#N/A N/A,7176.619,6698.89,1989.99,2223.63,1265.89,1819.24
11/30/11,4119.818,2330.43,928.32,8434.61,5505.42,1558.58,1246.96,212.39,169.1671,174.5024,180.2497,179.0468,207.9175,184.29,#N/A N/A,95.467,182.7259,#N/A N/A,7396.639,6784.794,2004.84,2180.05,1238.6,1822.55
12/30/11,4056.56,2316.55,916.39,8455.35,5572.28,1531.3,1257.61,219.73,171.506,177.1937,187.3833,183.6687,211.5156,189.16,#N/A N/A,95.672,184.6997,#N/A N/A,7467.806,6813.467,2024.21,2226.65,1271.5,1835.33
1/31/12,4262.682,2416.66,1019.39,8802.51,5681.61,1598.24,1312.41,234.94,171.8429,178.8105,190.9213,189.0663,212.5597,194.38,#N/A N/A,96.175,191.6318,#N/A N/A,7477.076,6857.319,2032.77,2275.95,1310.11,1842.81
2/29/12,4298.549,2512.11,1079.44,9723.24,5871.51,1621.8,1365.68,236.56,170.9969,179.0465,194.3217,192.5024,209.5793,196.65,#N/A N/A,96.374,197.0545,#N/A N/A,7402.076,6861.316,2018.29,2295.11,1341.22,1844.51
3/30/12,4335.242,2477.28,1041.45,10083.56,5768.45,1601.02,1408.47,249.89,170.3886,179.8058,194.4037,194.1453,207.748,196.57,#N/A N/A,96.421,198.1094,#N/A N/A,7441.368,6936.62,1998.04,2272.94,1339.35,1845.71
4/30/12,4396.578,2306.43,1026.02,9520.89,5737.78,1588.33,1397.91,260.16,170.7991,179.5096,194.0127,194.3787,208.6589,196,#N/A N/A,96.76,199.5548,#N/A N/A,7596.707,7016.518,2027.1,2304.67,1353.37,1857.68
5/31/12,4076.258,2118.94,906.3,8542.73,5320.86,1493.21,1310.33,247.2,174.4762,181.2615,196.3937,194.6231,218.2081,199.54,#N/A N/A,97.069,194.1698,#N/A N/A,7881.158,7167.568,2061.85,2322.07,1335.7,1863.56
6/29/12,4094.633,2264.72,937.35,9006.78,5571.15,1515.07,1362.16,262.11,174.5488,181.6038,194.8392,194.1763,216.0059,200.32,#N/A N/A,97.185,198.5449,#N/A N/A,7840.076,7172.504,2054.68,2330.3,1363.9,1865.72
7/31/12,4269.153,2325.72,952.49,8695.06,5635.28,1522.66,1379.32,266.83,175.2328,183.2586,198.0169,198.9091,220.5959,208.81,#N/A N/A,97.441,204.0816,#N/A N/A,7842.34,7216.8,2075.36,2397.35,1389.85,1880.72
8/31/12,4316.114,2440.71,947.33,8839.91,5711.48,1566.97,1406.58,272.47,174.6094,184.0637,199.3866,200.9807,220.0532,211.02,#N/A N/A,97.429,206.591,#N/A N/A,7873.034,7280.75,2072.69,2402.68,1406.12,1882.83
9/28/12,4387.018,2454.26,1002.66,8870.16,5742.07,1617,1440.67,264.6,175.5737,186.1302,201.9865,202.5269,218.5711,213.19,#N/A N/A,97.603,209.8804,#N/A N/A,7920.333,7368.247,2066.35,2419.55,1425.69,1886.74
10/31/12,4516.998,2503.64,995.33,8928.29,5782.7,1640.82,1412.16,264.74,175.1888,186.4233,203.4527,204.8321,217.0198,215.19,#N/A N/A,97.705,214.7132,#N/A N/A,7892.82,7419.499,2062.85,2450.71,1438.21,1883.58
11/30/12,4506.036,2575.25,1007.02,9446.01,5866.82,1623.19,1416.18,263.61,176.2179,187.7497,206.4144,206.5828,218.6888,217.87,#N/A N/A,97.621,214.5377,#N/A N/A,7892.203,7437.636,2073.58,2446.81,1449.72,1880.34
12/31/12,4648.95,2635.93,1055.2,10395.18,5897.81,1654.84,1426.19,269.35,175.458,187.8385,207.9993,208.6341,217.6617,218.56,#N/A N/A,97.624,217.1766,#N/A N/A,7879.225,7483.231,2064.56,2445.25,1472.56,1882.91
1/31/13,4878.781,2702.98,1069.01,11138.66,6276.88,1691.25,1498.11,277.62,173.8549,187.8691,206.9479,206.1055,213.3868,216.23,100.2732,98.068,218.2702,#N/A N/A,7843.193,7496.992,2047.89,2423.5,1492.3,1873.49
2/28/13,5104.08,2633.55,1054.62,11559.36,6360.81,1719.17,1514.68,280.8,175.1964,189.95,207.3579,208.7178,215.3064,218.62,101.1495,98.37,218.3848,#N/A N/A,7891.509,7539.083,2058.71,2442.16,1499.88,1879.84
3/29/13,4966.499,2624.02,1034.9,12397.91,6411.74,1708.74,1569.19,285.73,175.8805,191.157,208.7301,209.796,219.1162,222.4,102.3709,98.676,217.4588,#N/A N/A,7876.799,7543.331,2060.73,2442.63,1515.15,1882.03
4/30/13,5191.219,2712,1039.45,13860.86,6430.12,1664.73,1597.57,313.1639,177.7366,192.6156,214.0368,212.6907,221.6634,229.09,101.8418,98.512,220.1727,102.6649,8002.48,7635.235,2079.05,2487.23,1542.56,1892.04
5/31/13,4926.569,2769.64,1008.88,13774.54,6583.09,1704.64,1630.74,291.0279,174.7623,190.9598,211.3504,212.3002,215.8376,225.47,100.5712,98.298,215.8595,99.5133,7962.607,7661.051,2043.55,2428.94,1533.62,1863.03
6/28/13,4802.591,2602.59,940.33,13677.32,6215.47,1638.71,1606.28,277.2527,171.8814,187.9439,208.1668,208.8101,210.5675,215.97,100.5827,98.55,206.6728,94.5564,7866.307,7614.125,2021.06,2361.89,1493.4,1845.11
7/31/13,5051.978,2768.15,947.55,13668.32,6621.06,1688.12,1685.73,282.5671,172.0384,189.0158,209.7033,210.5773,212.2487,221.21,100.8547,98.772,208.7266,96.2011,7918.616,7694.319,2018.86,2381.57,1521.71,1843.45
8/30/13,5134.957,2721.37,929.54,13388.86,6412.93,1720.86,1632.97,257.4588,171.1399,188.1778,208.58,210.1411,209.8853,219.56,101.3304,98.908,205.871,93.7747,7877.958,7694.32,2009.05,2364.84,1512.46,1838.18
9/30/13,5218.877,2893.15,987.46,14455.8,6462.22,1740.33,1681.55,262.0765,171.8756,188.9295,210.1588,211.5503,211.6148,221.64,101.8815,99.04,209.5635,96.1989,7918.112,7741.328,2023.1,2381.27,1527.48,1864.06
10/31/13,5425.497,3067.95,1034.42,14327.94,6731.43,1826.89,1756.54,277.4083,173.3379,190.9026,213.1308,213.9826,213.0707,226.35,102.5131,99.32,213.935,98.5453,7893.728,7753.548,2032.86,2416.48,1565.75,1876.76
11/29/13,5320.05,3086.64,1018.28,15661.87,6650.57,1840.66,1805.81,267.0933,172.5901,191.2789,213.8571,214.503,211.0195,224.11,102.6135,99.432,212.7467,97.2289,7866.285,7771.633,2026.21,2411.69,1573.7,1865.08
12/31/13,5352.214,3109,1002.69,16291.31,6749.09,1874.19,1848.36,264.8459,171.3552,190.6917,212.6531,213.5793,208.4858,222.13,102.0585,99.333,213.2063,97.7571,7900.835,7806.364,2007.83,2407.75,1582.19,1856.28
1/31/14,5190.003,3013.96,936.53,14914.53,6510.44,1884.08,1782.59,272.0778,175.501,194.5639,217.2864,216.4847,212.8673,226.88,102.8962,99.615,213.5384,97.4495,7993.455,7873.274,2035.07,2451.39,1593.29,1885.3
2/28/14,5404.822,3149.23,966.42,14841.07,6809.7,1953.51,1859.45,286.7784,175.64,195.3886,218.751,217.7033,213.1971,227.84,103.138,99.783,217.1695,99.9122,8009.157,7913.199,2040.61,2476.88,1625.52,1891.79
3/31/14,5394.831,3161.6,994.65,14827.83,6598.37,1977.61,1872.34,285.9275,175.3707,195.6234,220.7597,218.6191,213.2558,227.3,102.8745,99.875,218.1663,101.3812,7997.703,7924.914,2034.78,2478.53,1629.36,1885.71
4/30/14,5489.074,3198.39,995.28,14304.11,6780.03,2023.53,1883.95,295.061,176.0643,196.482,222.8541,220.6311,214.8348,230.27,103.0286,100,220.1395,102.6202,8069.31,7988.733,2046.01,2508.22,1639.68,1903.14
5/30/14,5492.546,3244.6,1027.69,14632.38,6844.51,2023.99,1923.57,299.5609,177.9013,198.263,225.0813,222.6026,216.8926,233.29,103.349,100.175,225.031,105.6166,8187.674,8068.121,2065.28,2542.51,1654.77,1926.04
6/30/14,5395.747,3228.24,1050.78,15162.1,6743.94,2102.67,1960.23,301.6389,178.0737,198.6295,227.4887,223.8519,215.6987,232.43,103.655,100.394,226.952,106.0551,8260.627,8122.906,2062.34,2544.49,1668.59,1931.09
7/31/14,5632.914,3115.51,1065.77,15620.77,6730.11,2151.8,1930.67,300.7808,179.0841,199.5294,229.5567,224.9635,217.9928,233.83,103.8197,100.532,226.2745,106.6294,8287.851,8156.888,2058.98,2543.07,1646.34,1919.76
8/29/14,5625.895,3172.63,1087.88,15424.59,6819.75,2188.82,2003.37,308.3615,180.9015,200.7299,233.9018,227.5665,225.7246,240.54,104.1904,100.632,228.468,107.494,8380.585,8214.588,2080.7,2579.75,1672.43,1937.74
9/30/14,5292.812,3225.93,1005.33,16173.52,6622.72,2111.72,1972.29,292.5521,179.7325,199.8809,234.1158,227.9679,224.1412,239.24,104.2605,100.661,226.2569,105.9965,8342.747,8214.546,2069.31,2542.53,1637.42,1934.61
10/31/14,5526.602,3113.32,1016.07,16413.76,6546.47,2081.82,2018.05,314.0314,181.1292,200.4576,234.6894,228.9612,227.2258,240.76,104.7683,100.894,228.1908,107.4999,8439.147,8266.896,2089.47,2568.56,1656.89,1953.34
11/28/14,5313,3250.93,1004.72,17459.85,6722.62,2118,2067.56,320.6276,183.2894,202.5388,237.9445,230.253,234.6786,246.52,105.4678,101.019,226.8142,107.6664,8566.819,8333.948,2106.32,2585.87,1644.82,1966.13
12/31/14,5411.018,3146.43,956.31,17450.77,6566.09,2104.22,2058.9,325.3262,184.3199,202.8516,240.568,231.5099,239.0043,249.92,106.6426,101.334,221.5432,105.3381,8714.987,8436.255,2109.32,2587.44,1621.01,1969.17
1/30/15,5588.321,3351.44,961.61,17674.39,6749.4,2116.42,1994.99,350.1751,192.1717,209.167,246.1332,233.6375,250.6074,262.72,106.6628,101.289,221.8705,106.5286,8885.367,8525.009,2163.88,2665.94,1631.71,1985.88
2/27/15,5928.767,3599,990.28,18797.94,6946.66,2200.86,2104.5,335.4272,191.5029,209.4909,247.8537,234.997,239.4815,255.6,106.0203,101.249,225.2606,107.4244,8909.777,8573.17,2130.46,2638.92,1671.04,1982.65
3/31/15,5891.505,3697.38,974.57,19206.99,6773.04,2155.06,2067.89,341.963,190.7759,209.2807,250.9083,234.6578,244.5958,258.53,106.1068,101.121,226.2647,107.6078,8983.407,8622.859,2143.9,2647.34,1661.89,1989.99
4/30/15,5789.983,3615.59,1047.78,19520.01,6960.63,2204.48,2085.51,316.5989,188.2206,207.7857,247.3528,233.4923,239.0899,253.83,106.4639,101.329,230.8014,109.4945,8850.918,8583.599,2132.62,2628.8,1681.95,1990.82
5/29/15,5777.16,3570.78,1004.22,20563.15,6984.43,2178.97,2107.39,316.2058,188.4172,208.33,243.609,232.4333,240.164,254.86,105.9248,101.277,232.2203,109.1623,8840.205,8611.308,2128.78,2611.64,1687.05,1990.36
6/30/15,5459.01,3424.3,972.25,20235.73,6520.98,2117.3,2063.11,297.0544,187.8989,207.5377,237.3408,227.8514,235.6282,247.71,105.8709,101.241,229.523,107.4845,8740.038,8562.584,2109.99,2563.65,1661.94,1975.18
7/31/15,5699.164,3600.69,901.68,20585.24,6696.28,2137.87,2103.84,317.7227,190.5009,208.9005,242.8189,230.6966,239.5985,252.07,106.193,101.357,229.0797,107.8349,8864.146,8634.632,2127.58,2580.95,1652.26,1987.63
8/31/15,5206.976,3269.63,818.73,18890.48,6247.94,2046.02,1972.18,299.1634,189.7056,207.1888,240.208,228.854,240.3444,249.36,106.3788,101.444,224.7433,106.8077,8929.84,8681.495,2128.51,2565.67,1623.48,1989.31
9/30/15,5021.629,3100.67,792.05,17388.15,6061.61,1974.52,1920.03,306.8176,189.9054,207.1734,243.4022,227.2535,243.4324,249.24,106.7382,101.524,220.9563,105.8159,8958.327,8692.239,2147.19,2584.8,1581.23,2000.94
10/30/15,5239.439,3418.23,847.84,19083.1,6361.09,2005.99,2079.36,334.0127,188.862,206.544,245.9445,230.5225,240.6015,249.57,107.1813,101.6,226.8639,108.5079,8981.756,8719.631,2139.33,2595.6,1624.7,2002.26
11/30/15,5166.518,3506.45,814.3,19747.47,6356.09,2003.08,2080.41,319.9927,188.9886,207.4121,247.0228,232.1012,242.9008,254.05,107.1584,101.578,224.6219,108.4358,8879.289,8679.212,2130.58,2589.92,1588.59,1999.54
12/31/15,5295.859,3267.52,794.14,19033.71,6242.32,1940.94,2043.94,328.24,191.1734,208.2855,244.531,230.2065,240.1646,251.67,107.8731,101.715,220.8239,106.9267,8917.371,8690.7,2127.09,2569.73,1548.58,1998.89
1/29/16,5005.524,3045.09,742.37,17518.3,6083.79,1921.8,1940.24,328.3437,193.0856,207.8909,249.3167,231.5724,249.3393,253.97,109.3609,102.137,220.7656,106.6956,9041.108,8771.824,2172.39,2578.84,1523.69,2024.83
2/29/16,4880.926,2945.75,740.33,16026.76,6097.09,1925.76,1932.23,328.9529,193.7044,207.6136,251.6876,232.6331,253.0784,252.26,111.3804,102.484,222.6371,108.4604,9158.663,8812.79,2191.75,2599.67,1532.4,2032.39
3/31/16,5082.785,3004.93,836.8,16758.67,6174.9,2023.23,2059.74,352.2489,193.3088,210.8757,252.8749,235.8788,252.6927,259.66,112.4334,102.461,230.5572,111.9642,9125.29,8814.4,2195.22,2671.78,1600.51,2038.4
4/29/16,5252.217,3028.21,840.19,16666.05,6241.89,2092.67,2065.3,342.2948,191.7692,212.3934,250.0178,236.5074,249.39,261.34,113.5386,102.505,234.82,113.9046,9136.807,8861.638,2192.91,2708.36,1663.17,2041.7
5/31/16,5378.56,3063.48,807.45,17234.98,6230.79,2110.22,2096.96,340.4356,193.9999,213.4608,252.6314,237.3138,254.0298,264.7,113.9811,102.701,234.9919,113.9364,9261.874,8954.82,2192.85,2706.27,1673.44,2044.34
6/30/16,5233.375,2864.74,834.1,15575.92,6504.33,2109.09,2098.86,374.7273,197.2645,215.4948,258.4092,239.5899,269.0595,271.9,115.5095,103.041,239.4989,117.4151,9428.831,9020.012,2241.26,2767.19,1688.84,2060.95
7/29/16,5562.358,2990.76,873.47,16569.27,6724.43,2191.15,2173.6,393.3566,198.0126,217.1882,260.5232,243.6089,274.7838,285.22,114.4843,102.81,243.4973,119.8455,9509.784,9071.788,2250.34,2807.62,1734.5,2065.17
8/31/16,5433.033,3023.13,893.68,16887.4,6781.51,2204.59,2170.95,373.2319,198.1388,218.1287,259.701,244.1864,282.4452,293.79,113.1785,102.595,245.8113,121.9505,9542.131,9137.615,2237.97,2813.12,1770.79,2067.55
9/30/16,5435.921,3002.24,903.46,16449.84,6899.33,2230.83,2168.27,361.8848,198.3558,218.9431,260.2186,244.0074,275.5545,289.32,113.2456,102.824,245.7095,122.4445,9505.353,9148.148,2235.01,2806.15,1782.59,2073.24
10/31/16,5317.732,3055.25,905.09,17425.02,6954.22,2261.74,2126.15,327.82,196.3484,218.4673,254.7067,242.2227,264.3259,279.54,112.8386,102.704,246.5473,121.2514,9331.284,9096.48,2210.41,2783.32,1789.47,2067.79
11/30/16,5440.472,3051.61,862.83,18308.48,6783.79,2317.68,2198.81,317.31,192.0678,216.2674,250.7554,239.5697,260.7284,276,112.0535,102.511,242.0462,116.4327,9157.489,9034.955,2151.43,2708.65,1780.98,2032.37
12/30/16,5665.791,3290.52,862.27,19114.37,7142.83,2355.53,2238.83,319.5276,190.5241,216.1213,252.4226,241.0893,265.9443,282.55,111.3346,102.533,244.3899,118.1017,9141.254,9019.835,2149.16,2726.78,1813.85,2032.34
1/31/17,5620.911,3230.68,909.23,19041.34,7099.15,2384.54,2278.87,320.6624,190.0569,217.1577,247.2218,239.7289,260.8831,279.76,110.6896,102.484,247.4089,119.6894,9194.145,9092.457,2154.02,2735.18,1840.19,2031.65
2/28/17,5712.221,3319.61,936.37,19118.99,7263.44,2382.88,2363.64,320.992,191.2759,219.2359,250.1127,242.616,269.1131,287.4,111.0451,102.686,251.169,122.0774,9207.136,9122.293,2164.65,2766.55,1866.97,2041.37
3/31/17,5864.905,3500.93,958.37,18909.26,7322.92,2413.05,2362.72,301.533,191.6801,219.8459,248.6348,241.7353,269.9879,287.96,110.9047,102.639,251.6323,122.5144,9251.147,9173.688,2163.66,2760.12,1862.81,2041.95
4/28/17,5924.064,3559.59,977.96,19196.74,7203.94,2426.95,2384.2,288.6244,193.7722,222.9143,249.9169,243.0377,270.7262,289.55,111.4512,102.841,254.2563,124.2736,9330.301,9230.284,2178.69,2789.61,1884.32,2055.27
5/31/17,5724.572,3554.59,1005.33,19650.57,7519.95,2398.14,2411.8,267.02,195.2741,223.3619,251.3216,243.9482,272.0287,293.16,111.249,102.799,255.629,125.4159,9453.116,9325.799,2192.91,2821.69,1900.7,2068.03
6/30/17,5721.494,3441.88,1010.8,20033.43,7312.72,2370.12,2423.41,275.3153,192.3059,220.9143,249.9529,242.5937,266.3748,289.54,110.9535,102.717,255.9479,125.2816,9350.853,9275.671,2189.36,2830.31,1903.27,2059.72
7/31/17,5720.591,3449.36,1066.23,19925.18,7372,2371.36,2470.3,281.02,188.8585,218.6503,250.524,244.4853,267.1835,291.69,110.9487,102.804,258.7433,126.5594,9361.279,9326.726,2193.01,2851.01,1924.35,2069.03
8/31/17,5714.522,3421.47,1087.7,19646.24,7430.62,2380.08,2471.65,274.9468,191.4144,220.6197,252.6361,245.8286,272.689,295.66,111.5437,103.123,260.9028,128.7997,9356.031,9343.176,2216.75,2873.15,1923.6,2084.15
9/29/17,5681.61,3594.85,1081.72,20356.28,7372.76,2464.43,2519.36,275.7113,188.8529,218.6122,251.4414,245.3299,265.2474,289.91,111.1148,102.981,261.6846,128.8397,9311.933,9339.23,2197.75,2868.16,1940.87,2079.48
10/31/17,5909.017,3673.95,1119.08,22011.61,7493.08,2539.07,2575.26,263.91,191.108,221.7952,254.2063,248.0402,266.098,291.47,111.1375,103.088,262.9514,129.5706,9427.311,9430.813,2195.09,2879.74,1949.07,2078.83
11/30/17,5969.892,3569.93,1120.79,22724.96,7326.67,2557.2,2647.58,281.6,191.9615,222.9511,254.9803,247.6136,266.8339,291.45,111.4414,103.208,262.953,129.8053,9529.519,9498.276,2192.07,2875.55,1944.09,2075.83
12/29/17,6065.129,3503.96,1158.45,22764.94,7687.77,2585.97,2673.61,290.5435,190.7307,222.1203,252.8506,246.905,271.1311,296.29,111.5251,103.203,263.9239,130.6729,9460.309,9478.684,2198.84,2901.78,1949.97,2082.61
1/31/18,6037.683,3609.29,1254.59,23098.29,7533.55,2549.94,2823.81,271.6349,189.1431,221.6639,251.9483,246.2436,265.1328,293.67,111.3396,103.147,264.147,130.8442,9419.351,9481.442,2168.97,2874.04,1961.66,2058.2
2/28/18,6015.959,3438.96,1195.19,22068.24,7231.91,2471.67,2713.83,253.9349,189.7876,221.635,252.42,246.1878,265.813,290.35,111.7853,103.361,261.5419,128.4125,9444.554,9516.034,2152.63,2827.38,1944.99,2044.7
3/30/18,5759.365,3361.5,1170.88,21454.3,7056.61,2466.73,2640.87,254.9,191.5165,222.3807,256.467,245.9327,271.3117,291.76,111.975,103.406,260.5245,128.7768,9557.16,9555.308,2172.93,2834.54,1933.24,2057.76
4/30/18,5982.732,3536.52,1164.43,22467.87,7509.3,2507.71,2648.05,254.21,189.8666,221.6132,255.5015,246.0361,268.4938,291.73,111.892,103.418,258.3262,127.0919,9503.173,9545.358,2155.33,2808.25,1945.82,2047.42
5/31/18,6011.883,3406.65,1120.71,22201.82,7678.2,2591.59,2705.27,263.07,191.1734,222.3662,252.3712,245.4304,273.3984,292.23,112.1641,103.51,256.5672,125.924,9580.199,9592.191,2174.68,2823.29,1945.28,2061.73
6/29/18,6194.633,3395.6,1069.52,22304.51,7636.93,2641.54,2718.37,277.24,192.1443,223.3823,254.2802,245.3176,271.7086,290.76,112.2281,103.522,255.5669,124.358,9630.273,9624.876,2175.13,2806.89,1953.09,2062.73
7/31/18,6280.201,3525.49,1087.46,22553.72,7748.76,2685.73,2816.29,283.01,190.6944,222.5362,253.4048,246.0001,270.7727,291.34,111.9685,103.461,259.4286,127.5741,9641.057,9647.979,2166.03,2830.22,1974.4,2060.55
8/31/18,6319.498,3392.9,1055.96,22865.15,7432.42,2654.05,2901.52,292.58,191.9507,224.2336,251.9488,246.0301,271.2035,292.88,111.3554,103.372,256.8775,125.4149,9731.296,9720.915,2182.6,2844.2,1988.97,2073.03
9/28/18,6207.561,3399.2,1047.91,24120.04,7510.2,2624.24,2913.98,282.53,190.1878,222.579,251.6159,245.3249,266.7895,289.87,111.0712,103.335,259.2861,127.1623,9674.453,9707.646,2162.22,2834.06,2000.04,2060.3
10/31/18,5830.307,3197.51,955.92,21920.46,7128.1,2473.87,2711.74,282.67,189.4182,221.197,251.5142,244.8805,269.4568,291.16,111.2483,103.477,256.4183,124.625,9723.143,9754.466,2151.89,2792.67,1968.07,2047.31
11/30/18,5667.157,3173.13,994.72,22351.06,6980.24,2530.28,2760.17,288.37,191.8524,222.0363,252.9732,243.3063,266.0065,286,111.738,103.662,256.0131,124.1087,9754.295,9762.448,2170.99,2788.02,1951.14,2065.76
12/31/18,5646.4,3001.42,965.78,20014.77,6728.13,2389.91,2506.85,262.54,195.5213,224.2245,255.3233,243.8137,272.4847,289.66,112.5972,103.871,258.9365,126.069,9941.176,9850.729,2217.7,2829.02,1909.36,2103.22
1/31/19,5864.654,3159.43,1049.93,20773.49,6968.85,2590.31,2704.1,290.98,196.6774,228.1946,258.0708,246.4626,275.3848,295.1,113.1242,103.895,266.1919,131.2845,10011.822,9902.148,2228.14,2895.56,1995.67,2119.9
2/28/19,6168.992,3298.26,1050.95,21385.16,7074.73,2663.88,2784.49,290.45,196.4221,228.8857,257.1069,248.1568,272.7447,295.17,113.3964,103.955,268.895,132.6661,10114.485,9988.006,2222.1,2901.84,2028.86,2117.97
3/29/19,6180.731,3351.71,1058.13,21205.81,7279.19,2689.6,2834.4,296.96,200.5153,233.3579,261.7876,251.6041,281.9979,302.91,114.2623,104.236,272.8762,134.582,10332.297,10131.719,2264.52,2974.53,2047.94,2148.8
4/30/19,6325.466,3514.62,1079.24,22258.73,7418.22,2795.53,2945.83,285.88,199.7528,234.1696,261.6931,253.4116,277.3823,302.77,113.8155,104.038,275.0575,134.9832,10351.603,10189.364,2258.24,2990.68,2077.06,2147.53
5/31/19,6396.853,3280.43,998,20601.19,7161.71,2709.53,2752.06,276.19,202.8743,236.8476,264.5505,253.0215,285.4189,305.28,114.6015,104.326,275.6314,135.5604,10568.277,10310.351,2311.31,3033.54,2052.37,2175.29
6/28/19,6618.772,3473.69,1054.86,21275.92,7425.63,2769.81,2941.76,273.57,203.7053,239.5538,270.6259,257.03,285.9878,309.84,115.3396,104.633,281.4344,140.3894,10686.421,10402.18,2332.64,3107.73,2099.15,2190.94
7/31/19,6812.56,3466.85,1037.01,21521.53,7586.78,2776.23,2980.38,277.64,203.4584,240.3655,275.2101,260.7021,292.2196,317.08,115.4889,104.676,283.567,141.6604,10788.996,10508.483,2329.89,3125.11,2110.98,2199.79
8/30/19,6604.215,3426.76,984.33,20704.37,7207.18,2789.82,2926.46,272.14,207.6594,242.9827,281.9958,262.3626,303.1377,321.84,117.2635,105.169,284.5584,142.0684,10999.199,10599.886,2409.1,3223.39,2119.43,2219.44
9/30/19,6688.348,3569.45,1001,21755.84,7408.21,2844.43,2976.74,286.57,205.6368,241.8317,280.8996,260.3568,304.7178,322.18,115.9698,104.86,285.8234,141.7419,10925.309,10585.596,2388.72,3202.42,2127.15,2221
10/31/19,6663.374,3604.41,1041.98,22927.04,7248.38,2817.58,3037.56,290.81,205.3155,241.7699,277.7405,259.8144,298.9308,321.47,115.3458,104.547,288.9275,141.9662,10852.979,10559.763,2390.35,3221.86,2133.02,2228.84
11/29/19,6845.996,3703.58,1040.05,23293.91,7346.53,2915.59,3140.98,285.72,205.1738,243.0304,275.2439,259.1626,296.3869,321.09,114.8874,104.392,290.0099,140.8702,10947.287,10636.152,2383.16,3229.97,2139.99,2230.64
12/31/19,6684.075,3745.15,1114.66,23656.62,7542.44,2914.06,3230.78,276.52,202.8036,242.0765,272.6071,259.0287,291.967,321.42,114.5322,104.295,292.9553,144.0227,10720.966,10545.975,2369.78,3240.3,2182.77,2236.82
1/31/20,7017.222,3640.91,1062.34,23205.18,7286.01,2973.78,3225.52,266.71,208.1635,248.0769,279.3253,262.0229,303.0974,330.88,115.022,104.632,297.1427,146.0647,11019.537,10719.629,2427.69,3316.29,2183.35,2252.45
2/28/20,6441.21,3329.49,1005.52,21142.96,6580.61,2804.64,2954.22,245.29,210.7235,249.0769,280.6664,260.9729,307.3272,328.92,115.976,105.115,297.7214,144.6486,11132.735,10782.193,2492.04,3360.66,2152.56,2275.8
3/31/20,5076.827,2786.9,848.58,18917.01,5671.96,2375.48,2584.59,139.67,214.3106,235.929,273.3989,243.0968,311.9862,304.45,114.129,103.709,267.0031,123.3032,11158.554,10624.91,2564.12,3122.54,1905.89,2299.88
4/30/20,5522.353,2927.93,924.94,20193.69,5901.21,2591.71,2912.43,159.4,217.4492,246.7877,274.754,252.1696,322.0304,323.81,114.5197,103.746,278.1604,125.6095,11110.79,10637.294,2580.43,3286.26,1991.76,2314.48
5/29/20,5755.69,3050.2,930.35,21877.89,6076.6,2672.73,3044.31,150.81,217.7839,248.1997,275.3408,252.6078,322.0587,326.67,113.9816,103.683,288.0754,133.9379,11121.094,10715.143,2573.89,3337.67,2079.5,2317.31
6/30/20,5897.882,3234.07,995.1,22288.14,6169.74,2731.51,3100.29,170.09,218.9173,254.3081,278.1176,255.9397,320.1512,331.93,113.4659,103.841,295.4293,138.643,11133.323,10792.57,2576.3,3403.1,2099.86,2315.19
7/31/20,5927.781,3174.32,1078.92,21710,5897.76,2840.69,3271.12,161.31,220.1718,259.1196,281.0258,259.7908,321.4858,338.48,113.8447,104.155,302.3942,143.6739,11169.468,10890.626,2605.74,3513.73,2198.3,2319.32
8/31/20,6060.462,3272.51,1101.5,23139.76,5963.57,2911.04,3500.31,167.3,217.6909,257.865,278.8298,260.2458,311.087,335.18,113.2582,104.063,305.3197,145.151,11078.79,10903.159,2577.2,3465.28,2219.2,2320.23
9/30/20,5815.941,3193.61,1082,23185.12,5866.1,2852.06,3363,161.07,218.6539,257.8012,282.7065,261.0383,315.9864,336.99,113.6085,104.326,303.3389,141.8637,11220.259,10954.985,2580.77,3455.36,2196.37,2317.75
10/30/20,5927.58,2958.21,1103.46,22977.13,5577.27,2746.88,3269.96,152.92,217.2551,256.3617,285.496,263.063,314.1571,337.57,113.4332,104.309,304.3509,141.7278,11233.885,11015.895,2556.44,3449.14,2207.52,2316.82
11/30/20,6517.807,3492.54,1205.07,26433.62,6266.19,3033.5,3621.63,189.16,217.7809,260.6553,285.7751,265.7639,312.6755,344.31,113.5516,104.457,312.0873,147.6433,11196.334,11102.491,2565.34,3545.23,2294.85,2318.44
12/31/20,6587.096,3552.64,1291.26,27444.17,6460.52,3076.2,3756.07,195.75,217.7366,262.4344,286.2102,266.2077,317.9063,350.63,113.5715,104.565,316.6245,150.7229,11155.869,11103.226,2559.4,3560.67,2338.05,2323.43
1/29/21,6607.357,3481.44,1329.57,27663.39,6407.46,3059.71,3714.24,200.73,215.4183,261.3347,284.4663,265.894,312.3433,346.59,113.2919,104.641,316.106,149.105,11084.646,11107.179,2534.92,3514.98,2345.78,2325.22
2/26/21,6673.268,3636.44,1339.26,28966.01,6483.43,3205.63,3811.15,225.34,210.5954,256.4473,279.0882,263.8353,294.0786,334.69,112.2565,104.381,315.7729,145.9761,10618.357,10923.905,2488.92,3454.43,2354.4,2309.69
3/31/21,6790.667,3919.21,1316.43,29178.8,6713.63,3346.8,3972.89,229.26,208.7189,253.689,279.4858,264.3907,294.2904,334.21,113.1068,104.71,312.498,143.8787,10722.311,10944.897,2450.55,3395.15,2357.92,2297.87
4/30/21,7025.817,3974.74,1347.61,28812.63,6969.81,3420.07,4181.17,250.14,208.4046,253.8076,276.5017,264.4346,295.8043,336.81,113.287,104.977,315.4649,147.5545,10783.709,11004.535,2468.93,3432.76,2383.53,2310.55
5/31/21,7161.627,4039.46,1376.21,28860.08,7022.61,3550.82,4204.11,254.02,209.1003,255.0616,276.3663,264.0757,297.2551,337.75,113.316,105.064,317.6784,149.2529,10816.268,11028.275,2477.44,3459.13,2390.58,2306.5
6/30/21,7313.023,4064.3,1374.64,28791.53,7037.47,3648.07,4297.5,255.3,210.3943,256.7674,277.671,265.1677,299.4546,340.78,113.3905,105.173,318.9444,149.9606,10923.256,11064.237,2493.36,3515.56,2422.6,2305.54
7/30/21,7392.624,4089.3,1277.8,27283.59,7032.3,3678.76,4395.26,258.54,212.2576,259.0803,282.7849,268.1926,308.0557,346.36,113.975,105.469,316.0693,150.4878,11142.377,11175.115,2527.29,3563.68,2431.83,2319.95
8/31/21,7534.899,4196.41,1308.67,28089.54,7119.7,3730.44,4522.68,266.62,212.07,259.1057,281.1388,267.1008,305.387,345.33,113.8843,105.483,318.9613,152.2233,11165.134,11182.266,2522.86,3552.9,2444.32,2316.16
9/30/21,7332.159,4048.08,1253.1,29452.66,7086.42,3655.57,4307.54,250.75,209.3979,256.5878,277.7743,265.3799,293.7298,337.23,113.4788,105.319,313.8111,148.8663,10963.838,11093.898,2495.52,3515.5,2444.06,2307.8
10/29/21,7323.737,4250.56,1264.75,28892.69,7237.57,3852.12,4605.38,270.47,206.8388,254.1835,276.0115,263.4106,300.425,339.34,113.3357,105.335,309.3539,148.7716,10544.714,10788.059,2493.76,3524.22,2439.87,2303.41
11/30/21,7255.97,4063.06,1212.42,27821.76,7059.45,3808.41,4567,268.8,208.772,255.4401,280.825,263.9239,309.6372,343.39,113.579,105.554,307.0434,145.4278,10807.727,10901.424,2512.85,3526.39,2416.14,2301.27
12/31/21,7444.642,4298.41,1232.01,28791.71,7384.54,3938.92,4766.18,285.74,211.6927,258.964,276.3171,263.6373,301.1603,339.19,113.3685,105.425,307.2503,147.4113,10804.837,10922.067,2499.95,3523.57,2461.43,2299.2
1/31/22,6971.632,4174.6,1208.23,27001.98,7464.37,3931.11,4515.55,270.22,206.4152,251.7818,273.3388,260.1542,288.9245,328.11,112.5243,105.172,299.8293,143.2859,10693.046,10860.043,2452.59,3404.96,2394.13,2265.1
2/28/22,7049.125,3924.23,1171.31,26526.82,7458.25,3926.39,4373.94,258.36,205.678,248.9659,268.0175,253.6129,284.6978,319.76,111.8721,104.98,286.235,133.4009,10552.934,10743.96,2436.43,3336.85,2369.55,2243.2
3/31/22,7499.588,3902.52,1141.79,27821.43,7515.68,4075.63,4530.41,263.75,199.5768,242.4134,261.6897,250.5653,278.4156,316.31,111.5566,104.758,276.9724,131.1975,10128.142,10416.296,2360.57,3252.71,2342.38,2184.86
4/29/22,7435.014,3802.86,1076.19,26847.9,7544.55,3877.84,4131.93,253.5,194.0955,235.0522,251.7262,243.6972,270.1366,305.82,111.2897,104.692,268.7371,123.5048,9975.354,10276.575,2287.44,3074.85,2259.09,2108.17
5/31/22,7211.172,3789.21,1077.67,27279.8,7607.66,3883.61,4132.15,247.6,194.1501,234.8684,247.1065,240.6995,261.7312,301.27,111.1066,104.611,267.1032,123.1293,9875.627,10217.067,2291.62,3103.56,2264.63,2131.48
6/30/22,6568.063,3454.86,1000.67,26393.04,7169.28,3560.24,3785.38,222.12,190.598,231.4415,242.4459,232.309,256.6023,291.09,110.0161,104.172,257.4844,114.3516,9745.278,10080.249,2271.46,3016.66,2112.15,2097.35
7/29/22,6945.15,3708.1,993.78,27801.64,7423.43,3699.44,4130.29,246.88,196.7454,238.567,252.471,243.2287,263.6827,301.27,110.8002,104.363,259.4105,117.1334,10091.623,10322.519,2307.67,3114.32,2236.84,2164.78
8/31/22,6986.756,3517.25,994.11,28091.53,7284.15,3640.02,3955,231.11,191.5903,233.8204,239.3639,232.9428,242.2944,281.16,110.5112,104.184,260.2622,116.4695,9814.605,10175.998,2250.42,3022.99,2185.29,2090.76
9/30/22,6474.198,3318.2,875.79,25937.21,6893.81,3498.61,3585.62,203.6,191.0399,231.485,230.1981,225.2044,221.7859,256.2,109.317,103.7,246.6043,108.5847,9675.58,10073.553,2172.7,2864.12,2098.5,1985.15
10/31/22,6863.459,3617.54,848.16,27587.46,7094.53,3696.32,3871.98,228.08,189.4855,229.9265,230.618,225.4386,229.0231,267.38,109.1788,103.633,239.7213,109.1212,9793.358,10113.117,2142.42,2834.5,2153.03,1956.87
11/30/22,7284.172,3964.72,972.29,27968.99,7573.05,3903.31,4080.11,243.24,193.8279,236.5508,236.1274,231.7706,235.9116,278.64,108.646,103.312,256.4664,118.5315,9933.855,10249.844,2199.79,2981.28,2199.76,2036.63
12/30/22,7038.688,3793.62,956.38,26094.5,7451.74,3693,3839.5,236.33,190.8106,234.355,225.3052,227.6622,225.5421,273.81,107.1992,102.454,261.6132,118.7416,9698.472,10185.987,2188.39,2968.2,2186.03,2027.65
1/31/23,7476.661,4163.45,1031.5,27327.11,7771.7,3965.51,4076.6,253.1,195.4795,241.1578,230.7725,232.7202,231.7903,284.93,106.9273,102.475,270.3842,122.7409,9983.566,10408.982,2243.23,3087.13,2269.26,2094.45
2/28/23,7258.399,4238.38,964.01,27445.56,7876.28,3862.93,3970.15,240.27,191.5036,237.5007,225.3874,229.3582,223.6901,277.78,108.1162,102.733,263.9436,119.917,9826.092,10344.377,2190.74,2988.93,2240.09,2039.15
3/31/23,7177.754,4315.05,990.28,28041.48,7631.74,3844.77,4109.31,229.96,196.3777,240.7737,230.8599,231.6487,230.4381,280.58,109.7886,103.379,266.9015,120.4697,10172.709,10535.926,2254.15,3072.15,2264.03,2078.87
4/28/23,7309.152,4359.31,977.05,28856.44,7870.57,3981.2,4169.48,227.96,197.764,243.8682,230.6368,233.2694,226.3461,281.37,109.9679,103.531,268.6623,120.9353,10173.502,10583.449,2266.23,3095.67,2286.64,2089.63
5/31/23,7091.311,4218.04,958.53,30887.88,7446.14,3769.62,4179.83,215.74,193.9207,240.5402,231.6075,233.6657,217.7913,274.37,109.9042,103.691,266.2855,120.6958,10031.592,10529.414,2239.92,3050.83,2265.69,2074.32
6/30/23,7203.299,4399.09,989.48,33189.04,7531.53,3904.34,4450.38,228.87,193.368,240.9065,230.9831,232.635,216.7168,270.99,110.2127,103.952,268.2927,123.8748,9802.641,10415.3,2223.1,3063.39,2303.6,2065.47
7/31/23,7410.424,4471.31,1046.91,33172.22,7699.41,3988.05,4588.96,238.54,191.2944,240.2746,230.6123,235.078,218.4988,277.47,108.4088,103.415,269.6396,126.7276,9850.94,10503.467,2215.23,3073.95,2335.38,2063.93
8/31/23,7305.269,4297.11,980.33,32619.34,7439.13,3930.28,4507.66,223.43,191.0969,239.9494,231.3351,235.4465,217.3456,276.88,107.5021,103.28,267.1323,124.6343,9910.724,10607.091,2203.75,3050.07,2341.85,2046.95
9/29/23,7048.637,4174.66,952.78,31857.62,7608.08,3804.84,4288.05,206.89,186.6319,236.062,225.1727,233.4242,215.1456,276.98,106.736,102.982,264.0042,121.574,9724.617,10546.089,2155.06,2968.65,2314.15,1981.73
10/31/23,6780.678,4061.12,915.2,30858.85,7321.72,3684.99,4193.8,206.24,187.4179,237.0412,226.0697,234.3637,214.1898,276.3,104.9766,102.314,259.4804,120.0715,9544.525,10464.377,2129.02,2913.06,2287.2,1940.79
11/30/23,7087.334,4382.47,987.1,33486.89,7453.75,3976.66,4567.8,226.54,194.1784,245.7941,232.8796,239.756,220.861,286.39,107.2613,103.262,270.5716,127.0279,9838.937,10657.21,2202.96,3087.21,2390.82,2041.96
12/29/23,7590.818,4521.44,1023.74,33464.17,7733.24,4138.03,4769.83,247.85,200.3674,253.5862,241.3724,246.3011,233.5757,300.62,107.7262,103.567,279.0111,133.0604,10111.636,10880.942,2277.09,3221.05,2479.95,2129.96
1/31/24,7680.718,4648.4,975.8,36286.71,7630.57,4159.97,4845.65,237.53,197.4333,251.9206,240.1858,246.6374,228.0815,297.38,106.8741,103.451,280.9617,132.1688,10127.69,10925.841,2270.7,3215.57,2479.85,2120.11
2/29/24,7698.699,4877.77,1020.94,39166.19,7630.02,4241.26,5096.27,237.98,196.3712,252.3477,237.3422,244.4607,225.2603,295.58,107.2409,103.548,282.0613,133.3945,10091.419,10931.014,2240.91,3167.24,2487.09,2085.62
3/29/24,7896.858,5083.42,1043.2,40369.44,7952.62,4400,5254.35,246.24,197.4899,253.771,239.8089,247.4474,229.3643,300.94,107.0919,103.647,285.2429,136.6305,10207.652,11029.592,2255.31,3208.19,2516.52,2107.71
4/30/24,7664.075,4921.22,1045.95,38405.66,8144.13,4304.39,5035.69,234.23,193.689,250.657,236.4267,245.351,222.0198,294.46,105.7904,103.287,281.6072,133.8331,10000.719,10929.019,2202.82,3126.55,2492.86,2043.94
5/31/24,7701.739,4983.67,1048.96,38487.9,8275.38,4419.03,5277.51,241.07,196.6923,254.0181,236.1681,246.005,223.8926,297.51,104.0224,102.712,286.6754,136.263,10035.925,11005.524,2234.91,3185.11,2520.25,2084.78
6/28/24,7767.47,4894.02,1086.25,39583.08,8164.12,4340.88,5460.48,242.41,199.1281,256.5723,236.6289,247.6342,226.8458,299.58,104.2499,102.995,288.849,136.8291,10104.934,11054.463,2257.45,3205.37,2544.05,2109.17
7/31/24,8092.334,4872.94,1084.77,39101.82,8367.98,4605.8,5522.3,259.6,203.3583,262.0501,241.9989,251.8826,231.0857,304.96,104.2124,102.937,293.925,139.8238,10254.057,11226.456,2306.84,3281.77,2593.51,2164.77
8/30/24,8091.854,4957.98,1099.92,38647.75,8376.63,4682.64,5648.4,277.5,204.4592,262.8886,242.9507,252.6283,232.2952,305.71,105.4663,103.638,298.5436,142.7971,10372.594,11330.602,2336.35,3333.38,2635.81,2199.7
9/30/24,8269.83,5000.45,1170.85,37919.55,8236.95,4825.53,5762.48,282.31,207.3945,268.3666,246.1305,255.7405,232.3984,306.73,105.8135,103.758,302.839,145.9043,10397.875,11392.288,2364.44,3392.48,2678.46,2225.79
10/31/24,8160.029,4827.63,1119.52,39081.25,8110.1,4858.03,5705.45,275.22,204.8582,266.9905,243.7363,254.9554,225.976,302.92,105.1966,103.566,299.2888,143.7539,10183.198,11291.623,2308.14,3310.14,2663.98,2162.78
11/29/24,8436.232,4804.4,1078.57,38208.03,8287.3,5182.66,6032.38,288.71,206.4486,270.2904,249.37,258.9389,230.0319,307.5,104.4237,103.226,300.9191,145.559,10302.585,11388.262,2326.08,3354.42,2694.63,2191.61
12/31/24,8159.143,4895.98,1075.48,39894.54,8173.02,5008.77,5881.63,269.66,206.2687,270.9738,245.9061,257.9648,224.1747,305.76,104.3327,103.218,298.4152,143.7868,10340.245,11469.053,2290.24,3289.5,2683.14,2155.51
1/31/25,8532.3,5286.87,1093.37,39572.49,8673.96,5218.44,6040.53,268.65,208.6989,273.6613,245.3931,259.1064,225.9852,309.3,103.6298,102.834,301.0339,146.0846,10354.774,11519.21,2302.09,3307.68,2719.8,2166.52
2/28/25,8172.354,5463.54,1097.25,37155.5,8809.74,5197.22,5954.5,278.62,211.0117,275.6553,247.1202,260.6514,227.8669,310.84,102.8398,102.514,306.3407,148.3769,10447.957,11610.393,2351.72,3375.11,2738.06,2221.76
3/31/25,7843.424,5248.39,1101.4,35617.56,8582.81,5096.08,5611.85,267.39,210.6698,275.6646,242.6849,257.9399,225.1764,306.75,101.8035,102.204,306.5031,146.6052,10460.154,11643.402,2357.12,3365.38,2710.07,2221.38
4/30/25,8126.207,5160.22,1112.84,36045.38,8494.85,5100.98,5569.06,257.65,209.3682,274.7987,247.4301,260.5041,229.3075,310.94,102.3696,102.857,304.5788,145.9938,10650.304,11770.615,2372.05,3364.28,2709.52,2227.75
5/30/25,8434.705,5366.59,1157.34,37965.1,8772.38,5362.78,5911.69,260.66,208.5319,276.3623,247.7416,261.9226,226.2124,310.53,100.9738,102.405,306.3252,148.2972,10652.386,11838.547,2347.66,3363.9,2755.03,2207.41